"Menu","Ingredient","Qty","Unit"
"ES ALPUKAT KOCOK ORIGINAL","ALPUKAT KOCOK","70","gr"
"ES ALPUKAT KOCOK ORIGINAL","SKM","20","ml"
"ES ALPUKAT KOCOK ORIGINAL","AIR GULA KENTAL","20","ML"
"ES ALPUKAT KOCOK ORIGINAL","SUSU UHT","50","ML"
"ES ALPUKAT KOCOK ORIGINAL","ES BATU","150","GR"
"ES ALPUKAT KOCOK ORIGINAL","GELAS","1","GELAS"
"ES ALPUKAT KOCOK ORIGINAL","PIPET","1","PCS"
"ES ALPUKAT KOCOK ORIGINAL","SENDOK","1","PCS"
"ES ALPUKAT KOCOK ORIGINAL","PLASTIK","1","PCS"
"ES ALPUKAT KOCOK BROWN SUGAR","ALPUKAT KOCOK","70","gr"
"ES ALPUKAT KOCOK BROWN SUGAR","SKM","20","ml"
"ES ALPUKAT KOCOK BROWN SUGAR","BROWN SUGAR","80","ml"
"ES ALPUKAT KOCOK BROWN SUGAR","SANTAN","20","gr"
"ES ALPUKAT KOCOK BROWN SUGAR","UHT","50","gr"
"ES ALPUKAT KOCOK BROWN SUGAR","ES BATU","150","gr"
"ES ALPUKAT KOCOK BROWN SUGAR","GELAS","1","GELAS"
"ES ALPUKAT KOCOK BROWN SUGAR","PIPET","1","PCS"
"ES ALPUKAT KOCOK BROWN SUGAR","PLASTIK","1","PCS"
"ES ALPUKAT KOCOK MILO","ALPUKAT KOCOK","70","gr"
"ES ALPUKAT KOCOK MILO","SKM","20","ML"
"ES ALPUKAT KOCOK MILO","MILO DI ATASANNYA","15","GR"
"ES ALPUKAT KOCOK MILO","GULA MERAH","50","GR"
"ES ALPUKAT KOCOK MILO","ES BATU","150","GR"
"ES ALPUKAT KOCOK MILO","SUSU UHT","50","ML"
"ES ALPUKAT KOCOK MILO","GELAS","1","GELAS"
"ES ALPUKAT KOCOK MILO","PIPET","1","PCS"
"ES ALPUKAT KOCOK MILO","PLASTIK","1","PCS"
"ES ALPUKAT KOCOK COKLAT","ALPUKAT KOCOK","70","gr"
"ES ALPUKAT KOCOK COKLAT","GULA KENTAL","20","ml"
"ES ALPUKAT KOCOK COKLAT","SUSU UHT","70","ml"
"ES ALPUKAT KOCOK COKLAT","ES BATU","150","gr"
"ES ALPUKAT KOCOK COKLAT","COKLAT ATASANNYA","50","gr"
"ES ALPUKAT KOCOK COKLAT","GELAS","1","GELAS"
"ES ALPUKAT KOCOK COKLAT","PIPET","1","PCS"
"ES ALPUKAT KOCOK COKLAT","PLASTIK","1","PCS"
"ES ALPUKAT KOCOK KEJU","ALPUKAT KOCOK","70","gr"
"ES ALPUKAT KOCOK KEJU","SKM","20","ml"
"ES ALPUKAT KOCOK KEJU","GULA KENTAL","20","ml"
"ES ALPUKAT KOCOK KEJU","SUSU UHT","50","ml"
"ES ALPUKAT KOCOK KEJU","KEJU DIATASANNYA","30","gr"
"ES ALPUKAT KOCOK KEJU","ES BATU","150","gr"
"ES ALPUKAT KOCOK KEJU","GELAS","1","GELAS"
"ES ALPUKAT KOCOK KEJU","PIPET","1","PCS"
"ES ALPUKAT KOCOK KEJU","PLASTIK","1","PCS"
"JUS ALPUKAT","ALPUKAT POTONG","90","gr"
"JUS ALPUKAT","SKM","20","ml"
"JUS ALPUKAT","GULA CAIR","50","ml"
"JUS ALPUKAT","AIR","50","ml"
"JUS ALPUKAT","SUSU COKLAT PINGGIRAN","6","gr"
"JUS ALPUKAT","ES BATU","250","gr"
"JUS ALPUKAT","GELAS","1","GELAS"
"JUS ALPUKAT","PIPET","1","PCS"
"JUS ALPUKAT","PLASTIK","1","PCS"
"ES ALPUKAT NANGKA","ALPUKAT KOCOK","70","gr"
"ES ALPUKAT NANGKA","SKM","20","ML"
"ES ALPUKAT NANGKA","GULA KENTAL","20","ML"
"ES ALPUKAT NANGKA","SUSU UHT","50","ML"
"ES ALPUKAT NANGKA","NANGKA","30","gr"
"ES ALPUKAT NANGKA","ES BATU","150","GR"
"ES ALPUKAT NANGKA","GELAS","1","GELAS"
"ES ALPUKAT NANGKA","PIPET","1","PCS"
"ES ALPUKAT NANGKA","PLASTIK","1","PCS"
"ES ALPUKAT KOCOK OREO","ALPUKAT KOCOK","70","gr"
"ES ALPUKAT KOCOK OREO","SKM","20","ML"
"ES ALPUKAT KOCOK OREO","GULA KENTAL","20","ML"
"ES ALPUKAT KOCOK OREO","SUSU UHT","50","ML"
"ES ALPUKAT KOCOK OREO","OREO","25","gr"
"ES ALPUKAT KOCOK OREO","ES BATU","150","GR"
"ES ALPUKAT KOCOK OREO","GELAS","1","GELAS"
"ES ALPUKAT KOCOK OREO","PIPET","1","PCS"
"ES ALPUKAT KOCOK OREO","PLASTIK","1","PCS"
"ES ALPUKAT KOCOK DANCOW","ALPUKAT KOCOK","70","gr"
"ES ALPUKAT KOCOK DANCOW","SKM","20","ml"
"ES ALPUKAT KOCOK DANCOW","GULA KENTAL","20","ml"
"ES ALPUKAT KOCOK DANCOW","SUSU UHT","50","ml"
"ES ALPUKAT KOCOK DANCOW","DANCOW","15","gr"
"ES ALPUKAT KOCOK DANCOW","ES BATU","150","gr"
"ES ALPUKAT KOCOK DANCOW","GELAS","1","GELAS"
"ES ALPUKAT KOCOK DANCOW","PIPET","1","PCS"
"ES ALPUKAT KOCOK DANCOW","PLASTIK","1","PCS"
"ES ALPUKAT KOCOK CHOCOMALTNE","CHOCOMALINE OLES","20","gr"
"ES ALPUKAT KOCOK CHOCOMALTNE","ALPUKAT KOCOK","70","gr"
"ES ALPUKAT KOCOK CHOCOMALTNE","SKM","20","ml"
"ES ALPUKAT KOCOK CHOCOMALTNE","GULA KENTAL","20","ml"
"ES ALPUKAT KOCOK CHOCOMALTNE","SUSU UHT","50","ml"
"ES ALPUKAT KOCOK CHOCOMALTNE","CHOCOMALINE ATASANNNYA","70","gr"
"ES ALPUKAT KOCOK CHOCOMALTNE","ES BATU","150","gr"
"ES ALPUKAT KOCOK CHOCOMALTNE","GELAS","1","GELAS"
"ES ALPUKAT KOCOK CHOCOMALTNE","PIPET","1","PCS"
"ES ALPUKAT KOCOK CHOCOMALTNE","PLASTIK","1","PCS"
"ES ALPUKAT KOCOK MACHIATO","ALPUKAT KOCOK","70","gr"
"ES ALPUKAT KOCOK MACHIATO","SKM","20","ml"
"ES ALPUKAT KOCOK MACHIATO","GULA KENTAL","20","ml"
"ES ALPUKAT KOCOK MACHIATO","SUSU UHT","50","ml"
"ES ALPUKAT KOCOK MACHIATO","MACHIATO","80","gr"
"ES ALPUKAT KOCOK MACHIATO","ES BATU","150","gr"
"ES ALPUKAT KOCOK MACHIATO","GELAS","1","GELAS"
"ES ALPUKAT KOCOK MACHIATO","PIPET","1","PCS"
"ES ALPUKAT KOCOK MACHIATO","PLASTIK","1","PCS"
"ES ALPUKAT KOCOK ES KRIM","ALPUKAT KOCOK","70","gr"
"ES ALPUKAT KOCOK ES KRIM","SKM","20","ml"
"ES ALPUKAT KOCOK ES KRIM","GULA KENTAL","20","ml"
"ES ALPUKAT KOCOK ES KRIM","SUSU UHT","50","ml"
"ES ALPUKAT KOCOK ES KRIM","ES KRIM COKLAT","50","gr"
"ES ALPUKAT KOCOK ES KRIM","ES BATU","150","GR"
"ES ALPUKAT KOCOK ES KRIM","GELAS","1","GELAS"
"ES ALPUKAT KOCOK ES KRIM","PIPET","1","PCS"
"ES ALPUKAT KOCOK ES KRIM","PLASTIK","1","PCS"
"ALPUKAT KOCOK ORI","BLENDERAN ALPUKAT","200","gr"
"ALPUKAT KOCOK ORI","POTONGAN ALPUKAT","50","ml"
"ALPUKAT KOCOK ORI","SKM","20","ml"
"ALPUKAT KOCOK ORI","SANTAN","15","ml"
"ALPUKAT KOCOK ORI","ES BATU","50","gr"
"ALPUKAT KOCOK ORI","GELAS","1","GELAS"
"ALPUKAT KOCOK ORI","PIPET","1","PCS"
"ALPUKAT KOCOK ORI","SENDOK","1","PCS"
"ALPUKAT KOCOK ORI","PLASTIK","1","PCS"
"ALPUKAT KOCOK  MILO","BLENDERAN ALPUKAT","200","gr"
"ALPUKAT KOCOK  MILO","POTONGAN ALPUKAT","50","gr"
"ALPUKAT KOCOK  MILO","SKM","20","ml"
"ALPUKAT KOCOK  MILO","SANTAN","15","gr"
"ALPUKAT KOCOK  MILO","MILO","15","gr"
"ALPUKAT KOCOK  MILO","ES BATU","50","gr"
"ALPUKAT KOCOK  MILO","GELAS","1","GELAS"
"ALPUKAT KOCOK  MILO","PIPET","1","PCS"
"ALPUKAT KOCOK  MILO","SENDOK","1","PCS"
"ALPUKAT KOCOK  MILO","PLASTIK","1","PCS"
"ALPUKAT KOCOK  OREO","BLENDERAN ALPUKAT","200","gr"
"ALPUKAT KOCOK  OREO","POTONGAN ALPUKAT","50","ml"
"ALPUKAT KOCOK  OREO","SKM","20","ml"
"ALPUKAT KOCOK  OREO","SANTAN","20","ml"
"ALPUKAT KOCOK  OREO","OREO","30","gr"
"ALPUKAT KOCOK  OREO","ES BATU","50","gr"
"ALPUKAT KOCOK  OREO","GELAS","1","GELAS"
"ALPUKAT KOCOK  OREO","PIPET","1","PCS"
"ALPUKAT KOCOK  OREO","SENDOK","1","PCS"
"ALPUKAT KOCOK  OREO","PLASTIK","1","PCS"
"ALPUKAT KOCOK  NANGKA","BLENDERAN ALPUKAT","200","gr"
"ALPUKAT KOCOK  NANGKA","POTONGAN ALPUKAT","50","gr"
"ALPUKAT KOCOK  NANGKA","SKM","20","ml"
"ALPUKAT KOCOK  NANGKA","SANTAN","20","ml"
"ALPUKAT KOCOK  NANGKA","NANGKA","30","gr"
"ALPUKAT KOCOK  NANGKA","ES BATU","50","GR"
"ALPUKAT KOCOK  NANGKA","GELAS","1","GELAS"
"ALPUKAT KOCOK  NANGKA","PIPET","1","PCS"
"ALPUKAT KOCOK  NANGKA","SENDOK","1","PCS"
"ALPUKAT KOCOK  NANGKA","PLASTIK","1","PCS"
"ALPUKAT KOCOK  KEJU","BLENDERAN ALPUKAT","200","gr"
"ALPUKAT KOCOK  KEJU","POTONGAN ALPUKAT","50","gr"
"ALPUKAT KOCOK  KEJU","SKM","20","ml"
"ALPUKAT KOCOK  KEJU","SANTAN","15","ml"
"ALPUKAT KOCOK  KEJU","KEJU","30","gr"
"ALPUKAT KOCOK  KEJU","ES BATU","50","gr"
"ALPUKAT KOCOK  KEJU","GELAS","1","gelas"
"ALPUKAT KOCOK  KEJU","SENDOK","1","pcs"
"ALPUKAT KOCOK  KEJU","PLASTIK","1","pcs"
"ALPUKAT KOCOK  COKELAT","BLENDERAN ALPUKAT","200","gr"
"ALPUKAT KOCOK  COKELAT","POTONGAN ALPUKAT","50","gr"
"ALPUKAT KOCOK  COKELAT","SKM","20","ml"
"ALPUKAT KOCOK  COKELAT","SANTAN","20","ml"
"ALPUKAT KOCOK  COKELAT","COKLAT","30","gr"
"ALPUKAT KOCOK  COKELAT","ES BATU","50","GR"
"ALPUKAT KOCOK  COKELAT","GELAS","1","gelas"
"ALPUKAT KOCOK  COKELAT","PIPET","1","pcs"
"ALPUKAT KOCOK  COKELAT","SENDOK","1","pcs"
"ALPUKAT KOCOK  COKELAT","PLASTIK","1","pcs"
"ALPUKAT KOCOK  NUTELLA CHEESE","BLENDERAN ALPUKAT","200","gr"
"ALPUKAT KOCOK  NUTELLA CHEESE","POTONGAN ALPUKAT","50","gr"
"ALPUKAT KOCOK  NUTELLA CHEESE","SKM","20","ml"
"ALPUKAT KOCOK  NUTELLA CHEESE","SANTAN","15","ml"
"ALPUKAT KOCOK  NUTELLA CHEESE","KEJU","20","gr"
"ALPUKAT KOCOK  NUTELLA CHEESE","ES BATU","50","gr"
"ALPUKAT KOCOK  NUTELLA CHEESE","GELAS","1","GELAS"
"ALPUKAT KOCOK  NUTELLA CHEESE","PIPET","1","PCS"
"ALPUKAT KOCOK  NUTELLA CHEESE","SENDOK","1","PCS"
"ALPUKAT KOCOK  NUTELLA CHEESE","PLASTIK","1","PCS"
"ALPUKAT KOCOK  MILO KEJU","BLENDERAN ALPUKAT","220","gr"
"ALPUKAT KOCOK  MILO KEJU","POTONGAN ALPUKAT","50","gr"
"ALPUKAT KOCOK  MILO KEJU","SKM","20","ml"
"ALPUKAT KOCOK  MILO KEJU","SANTAN","15","ml"
"ALPUKAT KOCOK  MILO KEJU","NANGKA","30","gr"
"ALPUKAT KOCOK  MILO KEJU","MILO","15","gr"
"ALPUKAT KOCOK  MILO KEJU","KEJU","15","gr"
"ALPUKAT KOCOK  MILO KEJU","ES BATU","50","gr"
"ALPUKAT KOCOK  MILO KEJU","GELAS","1","GELAS"
"ALPUKAT KOCOK  MILO KEJU","SENDOK","1","PCS"
"ALPUKAT KOCOK  MILO KEJU","PLASTIK","1","PCS"
"ALPUKAT KOCOK  OREO NANGKA","BLENDERAN ALPUKAT","220","gr"
"ALPUKAT KOCOK  OREO NANGKA","POTONGAN ALPUKAT","50","gr"
"ALPUKAT KOCOK  OREO NANGKA","SKM","20","ml"
"ALPUKAT KOCOK  OREO NANGKA","SANTAN","20","ml"
"ALPUKAT KOCOK  OREO NANGKA","NANGKA","15","gr"
"ALPUKAT KOCOK  OREO NANGKA","OREO","15","gr"
"ALPUKAT KOCOK  OREO NANGKA","ES BATU","50","gr"
"ALPUKAT KOCOK  OREO NANGKA","GELAS","1","GELAS"
"ALPUKAT KOCOK  OREO NANGKA","PIPET","1","PCS"
"ALPUKAT KOCOK  OREO NANGKA","SENDOK","1","PCS"
"ALPUKAT KOCOK  OREO NANGKA","PLASTIK","1","PCS"
"ALPUKAT KOCOK BS BLENDER","ALPUKAT BLENDER","200","gr"
"ALPUKAT KOCOK BS BLENDER","SKM","20","ML"
"ALPUKAT KOCOK BS BLENDER","SANTAN","20","ML"
"ALPUKAT KOCOK BS BLENDER","ES BATU","50","GR"
"ALPUKAT KOCOK BS BLENDER","BROWN SUGAR","80","gr"
"ALPUKAT KOCOK BS BLENDER","POTONGAN BUAH","50","GR"
"ALPUKAT KOCOK BS BLENDER","GELAS","1","GELAS"
"ALPUKAT KOCOK BS BLENDER","PIPET","1","PCS"
"ALPUKAT KOCOK BS BLENDER","SENDOK","1","PCS"
"ALPUKAT KOCOK BS BLENDER","PLASTIK","1","PCS"
"ALPUKAT KOCOK  CREAM CHESEE","BLENDERAN ALPUKAT","200","gr"
"ALPUKAT KOCOK  CREAM CHESEE","POTONGAN ALPUKAT","50","gr"
"ALPUKAT KOCOK  CREAM CHESEE","SKM","20","ml"
"ALPUKAT KOCOK  CREAM CHESEE","SANTAN","20","ml"
"ALPUKAT KOCOK  CREAM CHESEE","KEJU","30","gr"
"ALPUKAT KOCOK  CREAM CHESEE","CREAM SMOOTHIES","15","gr"
"ALPUKAT KOCOK  CREAM CHESEE","ES BATU","50","GR"
"ALPUKAT KOCOK  CREAM CHESEE","GELAS","1","GELAS"
"ALPUKAT KOCOK  CREAM CHESEE","PIPET","1","PCS"
"ALPUKAT KOCOK  CREAM CHESEE","SENDOK","1","PCS"
"ALPUKAT KOCOK  CREAM CHESEE","PLASTIK","1","PCS"
"SALAD BUAH 200 ML","SEMANGKA","15","gr"
"SALAD BUAH 200 ML","PIR","10","gr"
"SALAD BUAH 200 ML","APEL","10","gr"
"SALAD BUAH 200 ML","MELON","15","gr"
"SALAD BUAH 200 ML","ALPUKAT","15","gr"
"SALAD BUAH 200 ML","SAOS SALAD","50","gr"
"SALAD BUAH 200 ML","KEJU","10","gr"
"SALAD BUAH 200 ML","SANKISH","6","gr"
"SALAD BUAH 200 ML","ANGGUR","3","gr"
"SALAD BUAH 200 ML","WADAH","1","PCS"
"SALAD BUAH 200 ML","SENDOK","1","pcs"
"SALAD BUAH 200 ML","PLASTIK","1","pcs"
"SALAD BUAH 300 ML","SEMANGKA","30","gr"
"SALAD BUAH 300 ML","PIR","15","gr"
"SALAD BUAH 300 ML","APEL","15","gr"
"SALAD BUAH 300 ML","MELON","30","gr"
"SALAD BUAH 300 ML","ALPUKAT","30","gr"
"SALAD BUAH 300 ML","SAOS SALAD","50","gr"
"SALAD BUAH 300 ML","KEJU","30","gr"
"SALAD BUAH 300 ML","SANKISH","6","gr"
"SALAD BUAH 300 ML","ANGGUR","3","gr"
"SALAD BUAH 300 ML","WADAH","1","PCS"
"SALAD BUAH 300 ML","SENDOK","1","pcs"
"SALAD BUAH 300 ML","PLASTIK","1","pcs"
"SALAD BUAH 500 ML","SEMANGKA","50","gr"
"SALAD BUAH 500 ML","PIR","20","gr"
"SALAD BUAH 500 ML","APEL","20","gr"
"SALAD BUAH 500 ML","MELON","50","gr"
"SALAD BUAH 500 ML","ALPUKAT","50","gr"
"SALAD BUAH 500 ML","SAOS SALAD","100","gr"
"SALAD BUAH 500 ML","KEJU","50","gr"
"SALAD BUAH 500 ML","SANKIS","15","gr"
"SALAD BUAH 500 ML","ANGGUR","8","gr"
"SALAD BUAH 500 ML","WADAH","1","PCS"
"SALAD BUAH 500 ML","SENDOK","1","PCS"
"SALAD BUAH 500 ML","PLASTIK","1","PCS"
"SALAD BUAH 750 ML","SEMANGKA","50","gr"
"SALAD BUAH 750 ML","PIR","40","gr"
"SALAD BUAH 750 ML","APEL","40","gr"
"SALAD BUAH 750 ML","MELON","50","gr"
"SALAD BUAH 750 ML","ALPUKAT","50","gr"
"SALAD BUAH 750 ML","SAOS SALAD","150","gr"
"SALAD BUAH 750 ML","KEJU","50","gr"
"SALAD BUAH 750 ML","SANKIS","15","gr"
"SALAD BUAH 750 ML","ANGGUR","8","gr"
"SALAD BUAH 750 ML","WADAH","1","pcs"
"SALAD BUAH 750 ML","SENDOK","1","pcs"
"SALAD BUAH 750 ML","PLASTIK","1","pcs"
"SALAD BUAH 2000 ML","PIR","195","gr"
"SALAD BUAH 2000 ML","APEL","115","gr"
"SALAD BUAH 2000 ML","SEMANGKA","160","gr"
"SALAD BUAH 2000 ML","MELON","150","gr"
"SALAD BUAH 2000 ML","MANGGA","100","gr"
"SALAD BUAH 2000 ML","ALPUKAT","200","gr"
"SALAD BUAH 2000 ML","SANKIS","68","ml"
"SALAD BUAH 2000 ML","ANGGUR","27","gr"
"SALAD BUAH 2000 ML","SAOS SALAD","448","ml"
"SALAD BUAH 2000 ML","KEJU","200","gr"
"SALAD BUAH 2000 ML","WADAH","1","pcs"
"SALAD BUAH 2000 ML","SENDOK","1","pcs"
"SALAD BUAH 2000 ML","PLASTIK","1","PCS"
"SALAD BUAH PREMIUM 400 ML","PIR","50","gr"
"SALAD BUAH PREMIUM 400 ML","APEL","15","gr"
"SALAD BUAH PREMIUM 400 ML","NATADECOCO","50","gr"
"SALAD BUAH PREMIUM 400 ML","MANGGA","30","gr"
"SALAD BUAH PREMIUM 400 ML","ALPUKAT","40","gr"
"SALAD BUAH PREMIUM 400 ML","SAOS SALAD","100","ml"
"SALAD BUAH PREMIUM 400 ML","KEJU","15","gr"
"SALAD BUAH PREMIUM 400 ML","SANKIS","10","gr"
"SALAD BUAH PREMIUM 400 ML","ANGGUR","12","gr"
"SALAD BUAH PREMIUM 400 ML","WADAH","1","PCS"
"SALAD BUAH PREMIUM 400 ML","SENDOK","1","PCS"
"SALAD BUAH PREMIUM 400 ML","PLASTIK","1","PCS"
"SALAD BUAH PREMIUM (700 ml)","PIR","50","gr"
"SALAD BUAH PREMIUM (700 ml)","APEL","80","gr"
"SALAD BUAH PREMIUM (700 ml)","MANGGA","30","gr"
"SALAD BUAH PREMIUM (700 ml)","NATADECOCO","50","gr"
"SALAD BUAH PREMIUM (700 ml)","ALPUKAT","60","gr"
"SALAD BUAH PREMIUM (700 ml)","SAOS SALAD","100","ml"
"SALAD BUAH PREMIUM (700 ml)","KEJU","15","gr"
"SALAD BUAH PREMIUM (700 ml)","SANKIS","10","gr"
"SALAD BUAH PREMIUM (700 ml)","ANGGUR","8","gr"
"SALAD BUAH PREMIUM (700 ml)","WADAH","1","PCS"
"SALAD BUAH PREMIUM (700 ml)","SENDOK","1","PCS"
"SALAD BUAH PREMIUM (700 ml)","PLASTIK","1","PCS"
"AVOCADO SMOOTHIES","ALPUKAT POTONG","120","gr"
"AVOCADO SMOOTHIES","ES BATU","250","ml"
"AVOCADO SMOOTHIES","SKM","70","ml"
"AVOCADO SMOOTHIES","AIR GULA CAIR","70","ml"
"AVOCADO SMOOTHIES","SUSU COKLAT","20","gr"
"AVOCADO SMOOTHIES","GELAS","1","PCS"
"AVOCADO SMOOTHIES","PIPET","1","PCS"
"AVOCADO SMOOTHIES","PLASTIK","1","PCS"
"ALPUKAT ORIGINAL","ALPUKAT BLENDER","220","gr"
"ALPUKAT ORIGINAL","ALPUKAT POTONG","70","gr"
"ALPUKAT ORIGINAL","ES BATU","50","ml"
"ALPUKAT ORIGINAL","SANTAN","20","ml"
"ALPUKAT ORIGINAL","SKM","30","ml"
"ALPUKAT ORIGINAL","GELAS","1","PCS"
"ALPUKAT ORIGINAL","PIPET","1","PCS"
"ALPUKAT ORIGINAL","PLASTIK","1","PCS"
"ALPUKAT BS","ALPUKAT BLENDER","300","gr"
"ALPUKAT BS","ALPUKAT POTONG","70","gr"
"ALPUKAT BS","SKM","30","ml"
"ALPUKAT BS","SANTAN","20","ml"
"ALPUKAT BS","GULA MERAH","80","gr"
"ALPUKAT BS","GELAS","1","PCS"
"ALPUKAT BS","PIPET","1","PCS"
"ALPUKAT BS","PLASTIK","1","PCS"
"ALPUKAT KOCOK MILO","ALPUKAT BLENDER","300","gr"
"ALPUKAT KOCOK MILO","ALPUKAT POTONG","70","gr"
"ALPUKAT KOCOK MILO","SKM","30","ml"
"ALPUKAT KOCOK MILO","SANTAN","20","ml"
"ALPUKAT KOCOK MILO","MILO","20","gr"
"ALPUKAT KOCOK MILO","GELAS","1","PCS"
"ALPUKAT KOCOK MILO","PIPET","1","PCS"
"ALPUKAT KOCOK MILO","PLASTIK","1","PCS"
"ALPUKAT MANGGA BIG","ALPUKAT BLENDER","300","gr"
"ALPUKAT MANGGA BIG","ALPUKAT POTONG","60","gr"
"ALPUKAT MANGGA BIG","SKM","30","ml"
"ALPUKAT MANGGA BIG","SANTAN","20","ml"
"ALPUKAT MANGGA BIG","BUAH MANGGA PTG","70","gr"
"ALPUKAT MANGGA BIG","GELAS","1","PCS"
"ALPUKAT MANGGA BIG","PIPET","1","PCS"
"ALPUKAT MANGGA BIG","PLASTIK","1","PCS"
"ALPUKAT KELAPA BIG","ALPUKAT BLENDER","300","gr"
"ALPUKAT KELAPA BIG","ALPUKAT POTONG","60","gr"
"ALPUKAT KELAPA BIG","SKM","30","ml"
"ALPUKAT KELAPA BIG","SANTAN","20","ml"
"ALPUKAT KELAPA BIG","BUAH KELAPA","40","gr"
"ALPUKAT KELAPA BIG","GELAS","1","PCS"
"ALPUKAT KELAPA BIG","PIPET","1","PCS"
"ALPUKAT KELAPA BIG","PLASTIK","1","PCS"
"ALPUKAT DURIAN BIG","ALPUKAT BLENDER","300","gr"
"ALPUKAT DURIAN BIG","ALPUKAT POTONG","60","gr"
"ALPUKAT DURIAN BIG","SKM","30","ml"
"ALPUKAT DURIAN BIG","SANTAN","20","ml"
"ALPUKAT DURIAN BIG","DAGING DURIAN","50","gr"
"ALPUKAT DURIAN BIG","GELAS","1","PCS"
"ALPUKAT DURIAN BIG","PIPET","1","PCS"
"ALPUKAT DURIAN BIG","PLASTIK","1","PCS"
"ALPUKAT KEJU","ALPUKAT BLENDER","300","gr"
"ALPUKAT KEJU","ALPUKAT POTONG","60","gr"
"ALPUKAT KEJU","SKM","30","ml"
"ALPUKAT KEJU","SANTAN","20","ml"
"ALPUKAT KEJU","KEJU","40","gr"
"ALPUKAT KEJU","GELAS","1","PCS"
"ALPUKAT KEJU","PIPET","1","PCS"
"ALPUKAT KEJU","PLASTIK","1","PCS"
"ALPUKAT NANGKA","ALPUKAT BLENDER","300","gr"
"ALPUKAT NANGKA","ALPUKAT POTONG","60","gr"
"ALPUKAT NANGKA","SKM","30","ml"
"ALPUKAT NANGKA","SANTAN","20","ml"
"ALPUKAT NANGKA","NANGKA","30","gr"
"ALPUKAT NANGKA","GELAS","1","PCS"
"ALPUKAT NANGKA","PIPET","1","PCS"
"ALPUKAT NANGKA","PLASTIK","1","PCS"
"ALPUKAT BUAH NAGA","ALPUKAT BLENDER","300","gr"
"ALPUKAT BUAH NAGA","ALPUKAT POTONG","60","gr"
"ALPUKAT BUAH NAGA","SKM","30","ml"
"ALPUKAT BUAH NAGA","SANTAN","20","ml"
"ALPUKAT BUAH NAGA","BUAH NAGA POTONG","50","gr"
"ALPUKAT BUAH NAGA","GELAS","1","PCS"
"ALPUKAT BUAH NAGA","PIPET","1","PCS"
"ALPUKAT BUAH NAGA","PLASTIK","1","PCS"
"ALPUKAT COKELAT","ALPUKAT BLENDER","300","gr"
"ALPUKAT COKELAT","ALPUKAT POTONG","70","gr"
"ALPUKAT COKELAT","SKM","30","ml"
"ALPUKAT COKELAT","SANTAN","20","ml"
"ALPUKAT COKELAT","COKELAT","40","gr"
"ALPUKAT COKELAT","GELAS","1","PCS"
"ALPUKAT COKELAT","PIPET","1","PCS"
"ALPUKAT COKELAT","PLASTIK","1","PCS"
"ALPUKAT OREO","ALPUKAT BLENDER","300","gr"
"ALPUKAT OREO","ALPUKAT POTONG","60","gr"
"ALPUKAT OREO","SKM","30","ml"
"ALPUKAT OREO","SANTAN","20","ml"
"ALPUKAT OREO","OREO","30","gr"
"ALPUKAT OREO","GELAS","1","PCS"
"ALPUKAT OREO","PIPET","1","PCS"
"ALPUKAT OREO","PLASTIK","1","PCS"
"ALPUKAT NANGKA KEJU","ALPUKAT BLENDER","300","gr"
"ALPUKAT NANGKA KEJU","ALPUKAT POTONG","60","gr"
"ALPUKAT NANGKA KEJU","SANTAN","20","ml"
"ALPUKAT NANGKA KEJU","SKM","30","ml"
"ALPUKAT NANGKA KEJU","NANGKA","20","gr"
"ALPUKAT NANGKA KEJU","KEJU","20","gr"
"ALPUKAT NANGKA KEJU","GELAS","1","PCS"
"ALPUKAT NANGKA KEJU","PIPET","1","PCS"
"ALPUKAT NANGKA KEJU","PLASTIK","1","PCS"
"ALPUKAT MILO NANGKA","ALPUKAT BLENDER","300","gr"
"ALPUKAT MILO NANGKA","ALPUKAT POTONG","60","gr"
"ALPUKAT MILO NANGKA","SANTAN","20","ml"
"ALPUKAT MILO NANGKA","SKM","30","ml"
"ALPUKAT MILO NANGKA","NANGKA","20","gr"
"ALPUKAT MILO NANGKA","MILO","15","gr"
"ALPUKAT MILO NANGKA","GELAS","1","PCS"
"ALPUKAT MILO NANGKA","PIPET","1","PCS"
"ALPUKAT MILO NANGKA","PLASTIK","1","PCS"
"ALPUKAT MILO KEJU","ALPUKAT BLENDER","300","gr"
"ALPUKAT MILO KEJU","ALPUKAT POTONG","60","gr"
"ALPUKAT MILO KEJU","SANTAN","20","ml"
"ALPUKAT MILO KEJU","SKM","30","ml"
"ALPUKAT MILO KEJU","MILO","20","gr"
"ALPUKAT MILO KEJU","KEJU","20","gr"
"ALPUKAT MILO KEJU","GELAS","1","PCS"
"ALPUKAT MILO KEJU","PIPET","1","PCS"
"ALPUKAT MILO KEJU","PLASTIK","1","PCS"
"ALPUKAT OREO NANGKA","ALPUKAT BLENDER","300","gr"
"ALPUKAT OREO NANGKA","ALPUKAT POTONG","60","gr"
"ALPUKAT OREO NANGKA","SANTAN","20","ml"
"ALPUKAT OREO NANGKA","SKM","30","ml"
"ALPUKAT OREO NANGKA","NANGKA","20","gr"
"ALPUKAT OREO NANGKA","OREO","20","gr"
"ALPUKAT OREO NANGKA","GELAS","1","PCS"
"ALPUKAT OREO NANGKA","PIPET","1","PCS"
"ALPUKAT OREO NANGKA","PLASTIK","1","PCS"
"ALPUKAT COFEE","ALPUKAT BLENDER","300","gr"
"ALPUKAT COFEE","ALPUKAT POTONG","60","gr"
"ALPUKAT COFEE","SANTAN","20","ml"
"ALPUKAT COFEE","SKM","30","ml"
"ALPUKAT COFEE","COFEE","2","gr"
"ALPUKAT COFEE","GELAS","1","PCS"
"ALPUKAT COFEE","PIPET","1","PCS"
"ALPUKAT COFEE","PLASTIK","1","PCS"
"ALPUKAT NAN CHOCOMALTE","CHOCOMALTE DI OLES","50","gr"
"ALPUKAT NAN CHOCOMALTE","ALPUKAT BLENDER","300","gr"
"ALPUKAT NAN CHOCOMALTE","ALPUKAT POTONG","60","gr"
"ALPUKAT NAN CHOCOMALTE","SANTAN","20","gr"
"ALPUKAT NAN CHOCOMALTE","SKM","30","gr"
"ALPUKAT NAN CHOCOMALTE","ES BATU","50","gr"
"ALPUKAT NAN CHOCOMALTE","GELAS","1","PCS"
"ALPUKAT NAN CHOCOMALTE","PIPET","1","PCS"
"ALPUKAT NAN CHOCOMALTE","PLASTIK","1","PCS"
"ES ALPUKAT KOCOK ORIGINAL","ALPUKAT KOCOK","100","gr"
"ES ALPUKAT KOCOK ORIGINAL","SKM","30","ml"
"ES ALPUKAT KOCOK ORIGINAL","AIR GULA KENTAL","30","ML"
"ES ALPUKAT KOCOK ORIGINAL","SUSU UHT","70","ML"
"ES ALPUKAT KOCOK ORIGINAL","ES BATU","250","GR"
"ES ALPUKAT KOCOK ORIGINAL","GELAS","1","GELAS"
"ES ALPUKAT KOCOK ORIGINAL","PIPET","1","PCS"
"ES ALPUKAT KOCOK ORIGINAL","SENDOK","1","PCS"
"ES ALPUKAT KOCOK ORIGINAL","PLASTIK","1","PCS"
"ES ALPUKAT KOCOK BROWN SUGAR","ALPUKAT KOCOK","100","gr"
"ES ALPUKAT KOCOK BROWN SUGAR","SKM","30","ml"
"ES ALPUKAT KOCOK BROWN SUGAR","BROWN SUGAR","80","ml"
"ES ALPUKAT KOCOK BROWN SUGAR","SANTAN","30","gr"
"ES ALPUKAT KOCOK BROWN SUGAR","UHT","70","gr"
"ES ALPUKAT KOCOK BROWN SUGAR","ES BATU","250","gr"
"ES ALPUKAT KOCOK BROWN SUGAR","GELAS","1","GELAS"
"ES ALPUKAT KOCOK BROWN SUGAR","PIPET","1","PCS"
"ES ALPUKAT KOCOK BROWN SUGAR","PLASTIK","1","PCS"
"ES ALPUKAT KOCOK MILO","ALPUKAT KOCOK","100","gr"
"ES ALPUKAT KOCOK MILO","SKM","30","ML"
"ES ALPUKAT KOCOK MILO","MILO DI ATASANNYA","15","GR"
"ES ALPUKAT KOCOK MILO","GULA MERAH","50","GR"
"ES ALPUKAT KOCOK MILO","ES BATU","250","GR"
"ES ALPUKAT KOCOK MILO","SUSU UHT","70","ML"
"ES ALPUKAT KOCOK MILO","SUSU COKLAT","20","gr"
"ES ALPUKAT KOCOK MILO","GELAS","1","GELAS"
"ES ALPUKAT KOCOK MILO","PIPET","1","PCS"
"ES ALPUKAT KOCOK MILO","PLASTIK","1","PCS"
"ES ALPUKAT KOCOK COKLAT","ALPUKAT KOCOK","100","gr"
"ES ALPUKAT KOCOK COKLAT","GULA KENTAL","30","ml"
"ES ALPUKAT KOCOK COKLAT","SUSU UHT","80","ml"
"ES ALPUKAT KOCOK COKLAT","ES BATU","250","gr"
"ES ALPUKAT KOCOK COKLAT","COKLAT ATASANNYA","60","gr"
"ES ALPUKAT KOCOK COKLAT","GELAS","1","GELAS"
"ES ALPUKAT KOCOK COKLAT","PIPET","1","PCS"
"ES ALPUKAT KOCOK COKLAT","PLASTIK","1","PCS"
"ES ALPUKAT KOCOK KEJU","ALPUKAT KOCOK","100","gr"
"ES ALPUKAT KOCOK KEJU","SKM","30","ml"
"ES ALPUKAT KOCOK KEJU","GULA KENTAL","30","ml"
"ES ALPUKAT KOCOK KEJU","SUSU UHT","70","ml"
"ES ALPUKAT KOCOK KEJU","KEJU DIATASANNYA","30","gr"
"ES ALPUKAT KOCOK KEJU","ES BATU","250","gr"
"ES ALPUKAT KOCOK KEJU","GELAS","1","GELAS"
"ES ALPUKAT KOCOK KEJU","PIPET","1","PCS"
"ES ALPUKAT KOCOK KEJU","PLASTIK","1","PCS"
"JUS ALPUKAT","ALPUKAT POTONG","130","gr"
"JUS ALPUKAT","SKM","70","ml"
"JUS ALPUKAT","GULA CAIR","70","ml"
"JUS ALPUKAT","AIR","50","ml"
"JUS ALPUKAT","SUSU COKLAT PINGGIRAN","6","gr"
"JUS ALPUKAT","ES BATU","250","gr"
"JUS ALPUKAT","GELAS","1","GELAS"
"JUS ALPUKAT","PIPET","1","PCS"
"JUS ALPUKAT","PLASTIK","1","PCS"
"ES ALPUKAT NANGKA","ALPUKAT KOCOK","100","gr"
"ES ALPUKAT NANGKA","SKM","30","ML"
"ES ALPUKAT NANGKA","GULA KENTAL","30","ML"
"ES ALPUKAT NANGKA","SUSU UHT","70","ML"
"ES ALPUKAT NANGKA","NANGKA","30","gr"
"ES ALPUKAT NANGKA","ES BATU","250","GR"
"ES ALPUKAT NANGKA","GELAS","1","GELAS"
"ES ALPUKAT NANGKA","PIPET","1","PCS"
"ES ALPUKAT NANGKA","PLASTIK","1","PCS"
"ES ALPUKAT KOCOK OREO","ALPUKAT KOCOK","100","gr"
"ES ALPUKAT KOCOK OREO","SKM","30","ML"
"ES ALPUKAT KOCOK OREO","GULA KENTAL","30","ML"
"ES ALPUKAT KOCOK OREO","SUSU UHT","70","ML"
"ES ALPUKAT KOCOK OREO","OREO","25","gr"
"ES ALPUKAT KOCOK OREO","ES BATU","250","GR"
"ES ALPUKAT KOCOK OREO","GELAS","1","GELAS"
"ES ALPUKAT KOCOK OREO","PIPET","1","PCS"
"ES ALPUKAT KOCOK OREO","PLASTIK","1","PCS"
"ES ALPUKAT KOCOK DANCOW","ALPUKAT KOCOK","100","gr"
"ES ALPUKAT KOCOK DANCOW","SKM","30","ml"
"ES ALPUKAT KOCOK DANCOW","GULA KENTAL","30","ml"
"ES ALPUKAT KOCOK DANCOW","SUSU UHT","70","ml"
"ES ALPUKAT KOCOK DANCOW","DANCOW","10","gr"
"ES ALPUKAT KOCOK DANCOW","ES BATU","250","gr"
"ES ALPUKAT KOCOK DANCOW","GELAS","1","GELAS"
"ES ALPUKAT KOCOK DANCOW","PIPET","1","PCS"
"ES ALPUKAT KOCOK DANCOW","PLASTIK","1","PCS"
"ES ALPUKAT KOCOK CHOCOMALTNE","CHOCOMALINE OLES","50","gr"
"ES ALPUKAT KOCOK CHOCOMALTNE","ALPUKAT KOCOK","100","gr"
"ES ALPUKAT KOCOK CHOCOMALTNE","SKM","30","ml"
"ES ALPUKAT KOCOK CHOCOMALTNE","GULA KENTAL","30","ml"
"ES ALPUKAT KOCOK CHOCOMALTNE","SUSU UHT","70","ml"
"ES ALPUKAT KOCOK CHOCOMALTNE","ES BATU","250","gr"
"ES ALPUKAT KOCOK CHOCOMALTNE","GELAS","1","GELAS"
"ES ALPUKAT KOCOK CHOCOMALTNE","PIPET","1","PCS"
"ES ALPUKAT KOCOK CHOCOMALTNE","PLASTIK","1","PCS"
"ES ALPUKAT KOCOK MACHIATO","ALPUKAT KOCOK","100","gr"
"ES ALPUKAT KOCOK MACHIATO","SKM","30","ml"
"ES ALPUKAT KOCOK MACHIATO","GULA KENTAL","30","ml"
"ES ALPUKAT KOCOK MACHIATO","SUSU UHT","70","ml"
"ES ALPUKAT KOCOK MACHIATO","MACHIATO","80","gr"
"ES ALPUKAT KOCOK MACHIATO","ES BATU","250","gr"
"ES ALPUKAT KOCOK MACHIATO","GELAS","1","GELAS"
"ES ALPUKAT KOCOK MACHIATO","PIPET","1","PCS"
"ES ALPUKAT KOCOK MACHIATO","PLASTIK","1","PCS"
"ES ALPUKAT KOCOK ES KRIM","ALPUKAT KOCOK","100","gr"
"ES ALPUKAT KOCOK ES KRIM","SKM","30","ml"
"ES ALPUKAT KOCOK ES KRIM","GULA KENTAL","30","ml"
"ES ALPUKAT KOCOK ES KRIM","SUSU UHT","70","ml"
"ES ALPUKAT KOCOK ES KRIM","ES KRIM COKLAT","60","gr"
"ES ALPUKAT KOCOK ES KRIM","ES BATU","250","GR"
"ES ALPUKAT KOCOK ES KRIM","GELAS","1","GELAS"
"ES ALPUKAT KOCOK ES KRIM","PIPET","1","PCS"
"ES ALPUKAT KOCOK ES KRIM","PLASTIK","1","PCS"
"ES KERUCUT  ALPUKAT","ES DI SERUT","100","gr"
"ES KERUCUT  ALPUKAT","POTONGAN ALPUKAT","70","gr"
"ES KERUCUT  ALPUKAT","NANGKA","40","ml"
"ES KERUCUT  ALPUKAT","KELAPA","40","ml"
"ES KERUCUT  ALPUKAT","SKM","30","gr"
"ES KERUCUT  ALPUKAT","GULA CAIR","30","gr"
"ES KERUCUT  ALPUKAT","SIRUP DHT","30","ml"
"ES KERUCUT  ALPUKAT","SELASI","20","ml"
"ES KERUCUT  ALPUKAT","WADAH","1","pcs"
"ES KERUCUT  ALPUKAT","SENDOK","1","PCS"
"ES KERUCUT  ALPUKAT","PLASTIK","1","PCS"
"ES KERUCUT  DURIAN","ES DI SERUT","100","gr"
"ES KERUCUT  DURIAN","DAGING DURIAN","60","gr"
"ES KERUCUT  DURIAN","ES CREAM","70","ml"
"ES KERUCUT  DURIAN","GULA MERAH","100","ml"
"ES KERUCUT  DURIAN","SKM","30","gr"
"ES KERUCUT  DURIAN","SANTAN","30","gr"
"ES KERUCUT  DURIAN","NATADECOCO","50","gr"
"ES KERUCUT  DURIAN","KACANG DISKO","15","ml"
"ES KERUCUT  DURIAN","WADAH","1","pcs"
"ES KERUCUT  DURIAN","SENDOK","1","PCS"
"ES KERUCUT  DURIAN","PLASTIK","1","PCS"
"ES KERUCUT  MANGGA","ES DI SERUT","100","gr"
"ES KERUCUT  MANGGA","POTONGAN MANGGA","100","gr"
"ES KERUCUT  MANGGA","JELLY","70","gr"
"ES KERUCUT  MANGGA","POTONGAN BUAH NAGA","50","gr"
"ES KERUCUT  MANGGA","SKM","30","gr"
"ES KERUCUT  MANGGA","GULA CAIR","30","gr"
"ES KERUCUT  MANGGA","SIRUP DHT","20","ml"
"ES KERUCUT  MANGGA","BLENDERAN MANGGA","70","gr"
"ES KERUCUT  MANGGA","WADAH","1","pcs"
"ES KERUCUT  MANGGA","SENDOK","1","PCS"
"ES KERUCUT  MANGGA","PLASTIK","1","PCS"
"ES KERUCUT  MILO COKLAT","ES DI SERUT","100","gr"
"ES KERUCUT  MILO COKLAT","JELLY","70","gr"
"ES KERUCUT  MILO COKLAT","KELAPA","40","gr"
"ES KERUCUT  MILO COKLAT","CINCAU","70","gr"
"ES KERUCUT  MILO COKLAT","SKM","30","gr"
"ES KERUCUT  MILO COKLAT","COKLAT","70","gr"
"ES KERUCUT  MILO COKLAT","KACANG CINCANG","8","gr"
"ES KERUCUT  MILO COKLAT","MILO","10","gr"
"ES KERUCUT  MILO COKLAT","WADAH","1","pcs"
"ES KERUCUT  MILO COKLAT","SENDOK","1","PCS"
"ES KERUCUT  MILO COKLAT","PLASTIK","1","PCS"
"ES POTENG","ES DI SERUT","100","gr"
"ES POTENG","POTENG","150","gr"
"ES POTENG","SKM","30","ml"
"ES POTENG","SIRUP DHT","40","ml"
"ES POTENG","SELASI","20","gr"
"ES POTENG","WADAH","1","pcs"
"ES POTENG","SENDOK","1","PCS"
"ES POTENG","PLASTIK","1","PCS"
"ES CENDOL KACANG MERAH","ES DI SERUT","100","gr"
"ES CENDOL KACANG MERAH","CENDOL","100","gr"
"ES CENDOL KACANG MERAH","KACANG MERAH","30","ml"
"ES CENDOL KACANG MERAH","SANTAN","20","ml"
"ES CENDOL KACANG MERAH","SKM","30","gr"
"ES CENDOL KACANG MERAH","GULA MERAH","100","gr"
"ES CENDOL KACANG MERAH","ES CREAM","30","gr"
"ES CENDOL KACANG MERAH","WADAH","1","pcs"
"ES CENDOL KACANG MERAH","SENDOK","1","PCS"
"ES CENDOL KACANG MERAH","PLASTIK","1","PCS"
"ES KERUCUT  KOMPLIT","ES DI SERUT","100","gr"
"ES KERUCUT  KOMPLIT","POTONGAN ALPUKAT","60","gr"
"ES KERUCUT  KOMPLIT","NANGKA","40","gr"
"ES KERUCUT  KOMPLIT","KELAPA","40","gr"
"ES KERUCUT  KOMPLIT","DURIAN","100","gr"
"ES KERUCUT  KOMPLIT","SKM","30","ml"
"ES KERUCUT  KOMPLIT","GULA KENTAL","30","ml"
"ES KERUCUT  KOMPLIT","SELASI","20","ml"
"ES KERUCUT  KOMPLIT","WADAH","1","pcs"
"ES KERUCUT  KOMPLIT","SENDOK","1","PCS"
"ES KERUCUT  KOMPLIT","PLASTIK","1","PCS"
"ES KERUCUT  MANGGO CREAMY","ES DI SERUT","100","gr"
"ES KERUCUT  MANGGO CREAMY","BUAH MANGGA","100","gr"
"ES KERUCUT  MANGGO CREAMY","NATADE COCO","30","gr"
"ES KERUCUT  MANGGO CREAMY","JUS MANGGA","70","ml"
"ES KERUCUT  MANGGO CREAMY","SKM","30","ml"
"ES KERUCUT  MANGGO CREAMY","ICE CREAM","30","gr"
"ES KERUCUT  MANGGO CREAMY","KACANG ALMOND","30","gr"
"ES KERUCUT  MANGGO CREAMY","SAOS CREME","30","gr"
"ES KERUCUT  MANGGO CREAMY","WADAH","1","pcs"
"ES KERUCUT  MANGGO CREAMY","SENDOK","1","PCS"
"ES KERUCUT  MANGGO CREAMY","PLASTIK","1","PCS"
"ES CENDOL ORIGINAL","CINCAU","60","gr"
"ES CENDOL ORIGINAL","CENDOL","80","ml"
"ES CENDOL ORIGINAL","SKM","20","ml"
"ES CENDOL ORIGINAL","SANTAN","15","ml"
"ES CENDOL ORIGINAL","GULA MERAH","60","gr"
"ES CENDOL ORIGINAL","GELAS","1","GELAS"
"ES CENDOL ORIGINAL","SENDOK","1","PCS"
"ES CENDOL ORIGINAL","PLASTIK","1","PCS"
"ES CENDOL MEDIUM","CINCAU","70","gr"
"ES CENDOL MEDIUM","CENDOL","100","ml"
"ES CENDOL MEDIUM","SKM","20","ml"
"ES CENDOL MEDIUM","SANTAN","20","ml"
"ES CENDOL MEDIUM","GULA MERAH","70","gr"
"ES CENDOL MEDIUM","GELAS","1","GELAS"
"ES CENDOL MEDIUM","SENDOK","1","PCS"
"ES CENDOL MEDIUM","PLASTIK","1","PCS"
"ALPUKAT SERUT UTUH ORIGINAL","ALPUKAT POTONG","200","gr"
"ALPUKAT SERUT UTUH ORIGINAL","SANTAN","20","ml"
"ALPUKAT SERUT UTUH ORIGINAL","SKM","40","ml"
"ALPUKAT SERUT UTUH ORIGINAL","ALPUKAT BLENDER","100","ml"
"ALPUKAT SERUT UTUH ORIGINAL","WADAH","1","PCS"
"ALPUKAT SERUT UTUH ORIGINAL","SENDOK","1","PCS"
"ALPUKAT SERUT UTUH ORIGINAL","PLASTIK","1","PCS"
"ALPUKAT SERUT UTUH MILO NANGKA","ALPUKAT POTONG","200","gr"
"ALPUKAT SERUT UTUH MILO NANGKA","SANTAN","20","ml"
"ALPUKAT SERUT UTUH MILO NANGKA","SKM","40","ml"
"ALPUKAT SERUT UTUH MILO NANGKA","ALPUKAT BLENDER","100","ml"
"ALPUKAT SERUT UTUH MILO NANGKA","NANGKA","50","gr"
"ALPUKAT SERUT UTUH MILO NANGKA","MILO","20","gr"
"ALPUKAT SERUT UTUH MILO NANGKA","WADAH","1","PCS"
"ALPUKAT SERUT UTUH MILO NANGKA","SENDOK","1","PCS"
"ALPUKAT SERUT UTUH MILO NANGKA","PLASTIK","1","PCS"
"ALPUKAT SERUT UTUH MILO KEJU OREO","ALPUKAT POTONG","200","gr"
"ALPUKAT SERUT UTUH MILO KEJU OREO","SANTAN","20","ml"
"ALPUKAT SERUT UTUH MILO KEJU OREO","SKM","40","ml"
"ALPUKAT SERUT UTUH MILO KEJU OREO","ALPUKAT BLENDER","100","ml"
"ALPUKAT SERUT UTUH MILO KEJU OREO","MILO","15","gr"
"ALPUKAT SERUT UTUH MILO KEJU OREO","KEJU","15","gr"
"ALPUKAT SERUT UTUH MILO KEJU OREO","OREO","15","gr"
"ALPUKAT SERUT UTUH MILO KEJU OREO","WADAH","1","PCS"
"ALPUKAT SERUT UTUH MILO KEJU OREO","SENDOK","1","PCS"
"ALPUKAT SERUT UTUH MILO KEJU OREO","PLASTIK","1","PCS"
"ALPUKAT SERUT NUTELLA KEJU","ALPUKAT POTONG","200","gr"
"ALPUKAT SERUT NUTELLA KEJU","SANTAN","20","ml"
"ALPUKAT SERUT NUTELLA KEJU","SKM","40","ml"
"ALPUKAT SERUT NUTELLA KEJU","ALPUKAT BLENDER","100","ml"
"ALPUKAT SERUT NUTELLA KEJU","NUTELLA","50","gr"
"ALPUKAT SERUT NUTELLA KEJU","KEJU","20","gr"
"ALPUKAT SERUT NUTELLA KEJU","WADAH","1","PCS"
"ALPUKAT SERUT NUTELLA KEJU","SENDOK","1","PCS"
"ALPUKAT SERUT NUTELLA KEJU","PLASTIK","1","PCS"
"ALPUKAT SERUT UTUH OVALTINE, KEJU NANGKA","ALPUKAT POTONG","200","gr"
"ALPUKAT SERUT UTUH OVALTINE, KEJU NANGKA","SANTAN","20","ml"
"ALPUKAT SERUT UTUH OVALTINE, KEJU NANGKA","SKM","40","ml"
"ALPUKAT SERUT UTUH OVALTINE, KEJU NANGKA","ALPUKAT BLENDER","100","ml"
"ALPUKAT SERUT UTUH OVALTINE, KEJU NANGKA","OVALTINE","15","gr"
"ALPUKAT SERUT UTUH OVALTINE, KEJU NANGKA","KEJU","15","gr"
"ALPUKAT SERUT UTUH OVALTINE, KEJU NANGKA","NANGKA","15","gr"
"ALPUKAT SERUT UTUH OVALTINE, KEJU NANGKA","WADAH","1","PCS"
"ALPUKAT SERUT UTUH OVALTINE, KEJU NANGKA","SENDOK","1","PCS"
"ALPUKAT SERUT UTUH OVALTINE, KEJU NANGKA","PLASTIK","1","PCS"
"ALPUKAT SERUT UTUH NANGKA KEJU","ALPUKAT POTONG","200","gr"
"ALPUKAT SERUT UTUH NANGKA KEJU","SANTAN","20","ml"
"ALPUKAT SERUT UTUH NANGKA KEJU","SKM","40","ml"
"ALPUKAT SERUT UTUH NANGKA KEJU","ALPUKAT BLENDER","100","ml"
"ALPUKAT SERUT UTUH NANGKA KEJU","NANGKA","15","gr"
"ALPUKAT SERUT UTUH NANGKA KEJU","KEJU","15","gr"
"ALPUKAT SERUT UTUH NANGKA KEJU","WADAH","1","PCS"
"ALPUKAT SERUT UTUH NANGKA KEJU","SENDOK","1","PCS"
"ALPUKAT SERUT UTUH NANGKA KEJU","PLASTIK","1","PCS"
"ES TELER MEDIUM ORIGINAL","SAGU MUTIARA","40","gr"
"ES TELER MEDIUM ORIGINAL","JELLY","40","ml"
"ES TELER MEDIUM ORIGINAL","CINCAU","40","ml"
"ES TELER MEDIUM ORIGINAL","PEPAYA","40","ml"
"ES TELER MEDIUM ORIGINAL","SUSUK  BUBUK","10","gr"
"ES TELER MEDIUM ORIGINAL","SKM","20","ml"
"ES TELER MEDIUM ORIGINAL","GULA MERAH","60","gr"
"ES TELER MEDIUM ORIGINAL","KACANG DISKO","10","gr"
"ES TELER MEDIUM ORIGINAL","WADAH","1","PCS"
"ES TELER MEDIUM ORIGINAL","SENDOK","1","PCS"
"ES TELER MEDIUM ORIGINAL","PLASTIK","1","PCS"
"ES TELER MEDIUM KOMPLIT","SAGU MUTIARA","30","gr"
"ES TELER MEDIUM KOMPLIT","JELLY","30","gr"
"ES TELER MEDIUM KOMPLIT","CINCAU","30","ml"
"ES TELER MEDIUM KOMPLIT","PEPAYA","30","gr"
"ES TELER MEDIUM KOMPLIT","SUSU BUBUK","10","gr"
"ES TELER MEDIUM KOMPLIT","SKM","60","ml"
"ES TELER MEDIUM KOMPLIT","GULA MERAH","60","gr"
"ES TELER MEDIUM KOMPLIT","ALPUKAT BLENDER","70","gr"
"ES TELER MEDIUM KOMPLIT","ALPUKAT POTONG","30","gr"
"ES TELER MEDIUM KOMPLIT","KACANG DISKO","10","gtr"
"ES TELER MEDIUM KOMPLIT","WADAH","1","PCS"
"ES TELER MEDIUM KOMPLIT","SENDOK","1","PCS"
"ES TELER MEDIUM KOMPLIT","PLASTIK","1","PCS"
"ES TELER JUMBO","SAGU MUTIARA","40","gr"
"ES TELER JUMBO","JELLY","40","gr"
"ES TELER JUMBO","CINCAU","40","gr"
"ES TELER JUMBO","NATADECOCO","20","ml"
"ES TELER JUMBO","PEPAYA","40","gr"
"ES TELER JUMBO","SUSU BUBUK","15","gr"
"ES TELER JUMBO","SKM","30","gr"
"ES TELER JUMBO","GULA MERAH","70",""
"ES TELER JUMBO","ALPUKAT BLENDER","80","PCS"
"ES TELER JUMBO","KACANG DISKO","10","gr"
"ES TELER JUMBO","ALPUKAT POTONG","40","gr"
"ES TELER JUMBO","SENDOK","1","1"
"ES TELER JUMBO","WADAH","1","1"
"ES TELER JUMBO","PLASTIK","1","PCS"
"ES CENDOL KOMPLIT","CENDOL","80","gr"
"ES CENDOL KOMPLIT","CINCAU","40","ml"
"ES CENDOL KOMPLIT","NANGKA","40","gr"
"ES CENDOL KOMPLIT","SKM","30","ml"
"ES CENDOL KOMPLIT","SANTAN","20","ml"
"ES CENDOL KOMPLIT","GULA MERAH","136","gr"
"ES CENDOL KOMPLIT","GELAS","1","GELAS"
"ES CENDOL KOMPLIT","SENDOK","1","PCS"
"ES CENDOL KOMPLIT","PLASTIK","1","PCS"
